{
  " 1 KELOMPOK 3": {
    "DalasTemperatur": 27.625,
    "Kelembapantanah": 1024,
    "TinggikolamSR04": 50,
    "kelembapanDHT11": 57,
    "suhuDHT11": 27.6
  },
    "2 PENGUKURAN KOLAM": {
        "id": 2175763,
        "name": "pengukurankolam",
        "latitude": "0.0",
        "longitude": "0.0",
        "field1": "suhu air",
        "field2": "Humidity",
        "field3": "Temperature",
        "field4": "tinggi air",
        "field5": "relay 1",
        "field6": "relay 2",
        "created_at": "2023-06-05T07:54:33Z",
        "updated_at": "2023-06-10T07:11:34Z",
        "last_entry_id": 441
    },
    "3 DATA PENGUKURAN KOLAM": [
        {
            "created_at": "2023-06-10T07:14:43Z",
            "entry_id": 342,
            "field1": "29.31",
            "field2": "68.00",
            "field3": "29.30",
            "field4": "-0.25",
            "field5": "5\r\n\r\n\r\n\r\n",
            "field6": null
        },
        {
            "created_at": "2023-06-10T07:15:00Z",
            "entry_id": 343,
            "field1": "29.31",
            "field2": "68.00",
            "field3": "29.30",
            "field4": "-0.27",
            "field5": "5\r\n\r\n\r\n\r\n",
            "field6": null
        },
        {
            "created_at": "2023-06-10T07:15:17Z",
            "entry_id": 344,
            "field1": "29.31",
            "field2": "68.00",
            "field3": "29.30",
            "field4": "0.14",
            "field5": "5\r\n\r\n\r\n\r\n",
            "field6": null
        },
        {
            "created_at": "2023-06-10T07:15:36Z",
            "entry_id": 345,
            "field1": "29.31",
            "field2": "68.00",
            "field3": "29.30",
            "field4": "-0.27",
            "field5": "5\r\n\r\n\r\n\r\n",
            "field6": null
        },
        {
            "created_at": "2023-06-10T07:15:53Z",
            "entry_id": 346,
            "field1": "29.31",
            "field2": "68.00",
            "field3": "29.30",
            "field4": "0.12",
            "field5": "5\r\n\r\n\r\n\r\n",
            "field6": null
        },
        {
            "created_at": "2023-06-10T07:16:11Z",
            "entry_id": 347,
            "field1": "29.25",
            "field2": "68.00",
            "field3": "29.30",
            "field4": "0.16",
            "field5": "5\r\n\r\n\r\n\r\n",
            "field6": null
        },
        {
            "created_at": "2023-06-10T07:16:31Z",
            "entry_id": 348,
            "field1": "29.31",
            "field2": "68.00",
            "field3": "29.30",
            "field4": "-0.27",
            "field5": "5\r\n\r\n\r\n\r\n",
            "field6": null
        },
        {
            "created_at": "2023-06-10T07:16:56Z",
            "entry_id": 349,
            "field1": "29.31",
            "field2": "68.00",
            "field3": "29.30",
            "field4": "-0.03",
            "field5": "5\r\n\r\n\r\n\r\n",
            "field6": null
        },
        {
            "created_at": "2023-06-10T07:17:13Z",
            "entry_id": 350,
            "field1": "29.25",
            "field2": "68.00",
            "field3": "29.30",
            "field4": "0.34",
            "field5": "5\r\n\r\n\r\n\r\n",
            "field6": null
        },
        {
            "created_at": "2023-06-10T07:17:31Z",
            "entry_id": 351,
            "field1": "29.25",
            "field2": "68.00",
            "field3": "29.30",
            "field4": "0.33",
            "field5": "5\r\n\r\n\r\n\r\n",
            "field6": null
        },
        {
            "created_at": "2023-06-10T07:17:48Z",
            "entry_id": 352,
            "field1": "30.56",
            "field2": "68.00",
            "field3": "29.30",
            "field4": "-0.01",
            "field5": "5\r\n\r\n\r\n\r\n",
            "field6": null
        },
        {
            "created_at": "2023-06-10T07:18:05Z",
            "entry_id": 353,
            "field1": "30.38",
            "field2": "68.00",
            "field3": "29.30",
            "field4": "0.36",
            "field5": "5\r\n\r\n\r\n\r\n",
            "field6": null
        },
        {
            "created_at": "2023-06-10T07:18:32Z",
            "entry_id": 354,
            "field1": "30.13",
            "field2": "68.00",
            "field3": "29.30",
            "field4": "0.36",
            "field5": "5\r\n\r\n\r\n\r\n",
            "field6": null
        },
        {
            "created_at": "2023-06-10T07:18:48Z",
            "entry_id": 355,
            "field1": "30.00",
            "field2": "68.00",
            "field3": "29.30",
            "field4": "0.38",
            "field5": "5\r\n\r\n\r\n\r\n",
            "field6": null
        },
        {
            "created_at": "2023-06-10T07:19:05Z",
            "entry_id": 356,
            "field1": "29.88",
            "field2": "68.00",
            "field3": "29.30",
            "field4": "-0.01",
            "field5": "5\r\n\r\n\r\n\r\n",
            "field6": null
        },
        {
            "created_at": "2023-06-10T07:19:33Z",
            "entry_id": 357,
            "field1": "32.25",
            "field2": "68.00",
            "field3": "29.30",
            "field4": "-0.05",
            "field5": "5\r\n\r\n\r\n\r\n",
            "field6": null
        },
        {
            "created_at": "2023-06-10T07:19:52Z",
            "entry_id": 358,
            "field1": "31.81",
            "field2": "68.00",
            "field3": "29.30",
            "field4": "-0.08",
            "field5": "5\r\n\r\n\r\n\r\n",
            "field6": null
        },
        {
            "created_at": "2023-06-12T01:43:08Z",
            "entry_id": 359,
            "field1": "27.94",
            "field2": "58.00",
            "field3": "26.30",
            "field4": "43.13\r\n\r\n\r\n\r\n",
            "field5": null,
            "field6": null
        },
        {
            "created_at": "2023-06-12T01:43:48Z",
            "entry_id": 360,
            "field1": "27.75",
            "field2": "57.00",
            "field3": "26.20",
            "field4": "43.59\r\n\r\n\r\n\r\n",
            "field5": null,
            "field6": null
        },
        {
            "created_at": "2023-06-12T01:45:04Z",
            "entry_id": 361,
            "field1": "29.88",
            "field2": "57.00",
            "field3": "26.20",
            "field4": "43.17\r\n\r\n\r\n\r\n",
            "field5": null,
            "field6": null
        },
        {
            "created_at": "2023-06-12T01:45:31Z",
            "entry_id": 362,
            "field1": "29.56",
            "field2": "57.00",
            "field3": "26.20",
            "field4": "42.76\r\n\r\n\r\n\r\n",
            "field5": null,
            "field6": null
        },
        {
            "created_at": "2023-06-12T01:45:48Z",
            "entry_id": 363,
            "field1": "29.44",
            "field2": "57.00",
            "field3": "26.20",
            "field4": "42.83\r\n\r\n\r\n\r\n",
            "field5": null,
            "field6": null
        },
        {
            "created_at": "2023-06-12T01:46:05Z",
            "entry_id": 364,
            "field1": "29.38",
            "field2": "58.00",
            "field3": "26.20",
            "field4": "42.40\r\n\r\n\r\n\r\n",
            "field5": null,
            "field6": null
        },
        {
            "created_at": "2023-06-12T01:46:30Z",
            "entry_id": 365,
            "field1": "29.00",
            "field2": "59.00",
            "field3": "26.20",
            "field4": "45.60\r\n\r\n\r\n\r\n",
            "field5": null,
            "field6": null
        },
        {
            "created_at": "2023-06-12T01:46:53Z",
            "entry_id": 366,
            "field1": "28.81",
            "field2": "59.00",
            "field3": "26.20",
            "field4": "43.98\r\n\r\n\r\n\r\n",
            "field5": null,
            "field6": null
        },
        {
            "created_at": "2023-06-12T01:47:10Z",
            "entry_id": 367,
            "field1": "30.19",
            "field2": "58.00",
            "field3": "26.20",
            "field4": "44.59\r\n\r\n\r\n\r\n",
            "field5": null,
            "field6": null
        },
        {
            "created_at": "2023-06-12T01:47:33Z",
            "entry_id": 368,
            "field1": "31.19",
            "field2": "59.00",
            "field3": "26.20",
            "field4": "45.07\r\n\r\n\r\n\r\n",
            "field5": null,
            "field6": null
        },
        {
            "created_at": "2023-06-12T01:48:04Z",
            "entry_id": 369,
            "field1": "30.25",
            "field2": "60.00",
            "field3": "26.20",
            "field4": "45.12\r\n\r\n\r\n\r\n",
            "field5": null,
            "field6": null
        },
        {
            "created_at": "2023-06-12T01:48:49Z",
            "entry_id": 370,
            "field1": "29.56",
            "field2": "61.00",
            "field3": "26.20",
            "field4": "45.12\r\n\r\n\r\n\r\n",
            "field5": null,
            "field6": null
        },
        {
            "created_at": "2023-06-12T01:49:08Z",
            "entry_id": 371,
            "field1": "29.31",
            "field2": "61.00",
            "field3": "26.20",
            "field4": "45.12\r\n\r\n\r\n\r\n",
            "field5": null,
            "field6": null
        },
        {
            "created_at": "2023-06-12T01:49:33Z",
            "entry_id": 372,
            "field1": "30.50",
            "field2": "61.00",
            "field3": "26.20",
            "field4": "45.12\r\n\r\n\r\n\r\n",
            "field5": null,
            "field6": null
        },
        {
            "created_at": "2023-06-12T01:50:54Z",
            "entry_id": 373,
            "field1": "29.25",
            "field2": "63.00",
            "field3": "26.70",
            "field4": "-105.84\r\n\r\n\r\n\r\n",
            "field5": null,
            "field6": null
        },
        {
            "created_at": "2023-06-12T01:51:28Z",
            "entry_id": 374,
            "field1": "28.81",
            "field2": "61.00",
            "field3": "26.20",
            "field4": "-106.86\r\n\r\n\r\n\r\n",
            "field5": null,
            "field6": null
        },
        {
            "created_at": "2023-06-12T01:52:17Z",
            "entry_id": 375,
            "field1": "28.19",
            "field2": "60.00",
            "field3": "26.20",
            "field4": "-107.71\r\n\r\n\r\n\r\n",
            "field5": null,
            "field6": null
        },
        {
            "created_at": "2023-06-12T01:54:23Z",
            "entry_id": 376,
            "field1": "27.44",
            "field2": "nan",
            "field3": "nan",
            "field4": "-108.51\r\n\r\n\r\n\r\n",
            "field5": null,
            "field6": null
        },
        {
            "created_at": "2023-06-12T01:55:04Z",
            "entry_id": 377,
            "field1": "27.19",
            "field2": "nan",
            "field3": "nan",
            "field4": "-5.47\r\n\r\n\r\n\r\n",
            "field5": null,
            "field6": null
        },
        {
            "created_at": "2023-06-12T01:55:24Z",
            "entry_id": 378,
            "field1": "27.19",
            "field2": "nan",
            "field3": "nan",
            "field4": "-21.49\r\n\r\n\r\n\r\n",
            "field5": null,
            "field6": null
        },
        {
            "created_at": "2023-06-12T01:56:51Z",
            "entry_id": 379,
            "field1": "27.00",
            "field2": "nan",
            "field3": "nan",
            "field4": "45.67\r\n\r\n\r\n\r\n",
            "field5": null,
            "field6": null
        },
        {
            "created_at": "2023-06-12T01:58:02Z",
            "entry_id": 380,
            "field1": "26.94",
            "field2": "66.00",
            "field3": "27.60",
            "field4": "-22.90\r\n\r\n\r\n\r\n",
            "field5": null,
            "field6": null
        },
        {
            "created_at": "2023-06-12T01:58:28Z",
            "entry_id": 381,
            "field1": "26.88",
            "field2": "62.00",
            "field3": "27.60",
            "field4": "44.65\r\n\r\n\r\n\r\n",
            "field5": null,
            "field6": null
        },
        {
            "created_at": "2023-06-12T01:59:10Z",
            "entry_id": 382,
            "field1": "26.75",
            "field2": "58.00",
            "field3": "27.60",
            "field4": "44.19\r\n\r\n\r\n\r\n",
            "field5": null,
            "field6": null
        },
        {
            "created_at": "2023-06-12T02:02:26Z",
            "entry_id": 383,
            "field1": "26.75",
            "field2": "58.00",
            "field3": "26.70",
            "field4": "41.67\r\n\r\n\r\n\r\n",
            "field5": null,
            "field6": null
        },
        {
            "created_at": "2023-06-12T02:09:25Z",
            "entry_id": 384,
            "field1": "29.63",
            "field2": "58.00",
            "field3": "26.70",
            "field4": "-1140.97\r\n\r\n\r\n\r\n",
            "field5": null,
            "field6": null
        },
        {
            "created_at": "2023-06-12T02:10:45Z",
            "entry_id": 385,
            "field1": "29.44",
            "field2": "59.00",
            "field3": "27.10",
            "field4": "-1140.70\r\n\r\n\r\n\r\n",
            "field5": null,
            "field6": null
        },
        {
            "created_at": "2023-06-12T02:13:12Z",
            "entry_id": 386,
            "field1": "28.56",
            "field2": "nan",
            "field3": "nan",
            "field4": "35.45\r\n\r\n\r\n\r\n",
            "field5": null,
            "field6": null
        },
        {
            "created_at": "2023-06-12T02:14:02Z",
            "entry_id": 387,
            "field1": "29.19",
            "field2": "nan",
            "field3": "nan",
            "field4": "-15.93\r\n\r\n\r\n\r\n",
            "field5": null,
            "field6": null
        },
        {
            "created_at": "2023-06-12T02:14:40Z",
            "entry_id": 388,
            "field1": "30.25",
            "field2": "nan",
            "field3": "nan",
            "field4": "43.97\r\n\r\n\r\n\r\n",
            "field5": null,
            "field6": null
        },
        {
            "created_at": "2023-06-12T02:15:19Z",
            "entry_id": 389,
            "field1": "29.00",
            "field2": "nan",
            "field3": "nan",
            "field4": "43.97\r\n\r\n\r\n\r\n",
            "field5": null,
            "field6": null
        },
        {
            "created_at": "2023-06-12T02:15:37Z",
            "entry_id": 390,
            "field1": "28.63",
            "field2": "nan",
            "field3": "nan",
            "field4": "-1140.78\r\n\r\n\r\n\r\n",
            "field5": null,
            "field6": null
        },
        {
            "created_at": "2023-06-12T02:16:14Z",
            "entry_id": 391,
            "field1": "28.31",
            "field2": "nan",
            "field3": "nan",
            "field4": "-1140.77\r\n\r\n\r\n\r\n",
            "field5": null,
            "field6": null
        },
        {
            "created_at": "2023-06-12T02:24:32Z",
            "entry_id": 392,
            "field1": "27.13",
            "field2": "59.00",
            "field3": "27.10",
            "field4": "-1140.26\r\n\r\n\r\n\r\n",
            "field5": null,
            "field6": null
        },
        {
            "created_at": "2023-06-12T02:25:01Z",
            "entry_id": 393,
            "field1": "27.06",
            "field2": "59.00",
            "field3": "27.10",
            "field4": "-1140.49\r\n\r\n\r\n\r\n",
            "field5": null,
            "field6": null
        },
        {
            "created_at": "2023-06-12T02:25:32Z",
            "entry_id": 394,
            "field1": "27.00",
            "field2": "59.00",
            "field3": "27.10",
            "field4": "-17.34\r\n\r\n\r\n\r\n",
            "field5": null,
            "field6": null
        },
        {
            "created_at": "2023-06-12T02:25:50Z",
            "entry_id": 395,
            "field1": "28.25",
            "field2": "59.00",
            "field3": "27.10",
            "field4": "-1140.36\r\n\r\n\r\n\r\n",
            "field5": null,
            "field6": null
        },
        {
            "created_at": "2023-06-12T02:26:07Z",
            "entry_id": 396,
            "field1": "30.06",
            "field2": "61.00",
            "field3": "27.10",
            "field4": "28.78\r\n\r\n\r\n\r\n",
            "field5": null,
            "field6": null
        },
        {
            "created_at": "2023-06-12T02:26:44Z",
            "entry_id": 397,
            "field1": "29.94",
            "field2": "62.00",
            "field3": "27.60",
            "field4": "-1140.00\r\n\r\n\r\n\r\n",
            "field5": null,
            "field6": null
        },
        {
            "created_at": "2023-06-12T02:27:01Z",
            "entry_id": 398,
            "field1": "29.56",
            "field2": "61.00",
            "field3": "27.60",
            "field4": "-1140.07\r\n\r\n\r\n\r\n",
            "field5": null,
            "field6": null
        },
        {
            "created_at": "2023-06-12T02:28:50Z",
            "entry_id": 399,
            "field1": "28.50",
            "field2": "58.00",
            "field3": "27.60",
            "field4": "-1140.22\r\n\r\n\r\n\r\n",
            "field5": null,
            "field6": null
        },
        {
            "created_at": "2023-06-12T02:29:08Z",
            "entry_id": 400,
            "field1": "28.38",
            "field2": "58.00",
            "field3": "27.60",
            "field4": "-1140.32\r\n\r\n\r\n\r\n",
            "field5": null,
            "field6": null
        },
        {
            "created_at": "2023-06-12T02:29:33Z",
            "entry_id": 401,
            "field1": "28.19",
            "field2": "59.00",
            "field3": "27.60",
            "field4": "-16.57\r\n\r\n\r\n\r\n",
            "field5": null,
            "field6": null
        },
        {
            "created_at": "2023-06-12T02:30:54Z",
            "entry_id": 402,
            "field1": "27.75",
            "field2": "59.00",
            "field3": "27.60",
            "field4": "45.85\r\n\r\n\r\n\r\n",
            "field5": null,
            "field6": null
        },
        {
            "created_at": "2023-06-12T02:33:58Z",
            "entry_id": 403,
            "field1": "29.50",
            "field2": "59.00",
            "field3": "27.60",
            "field4": "47.98\r\n\r\n\r\n\r\n",
            "field5": null,
            "field6": null
        },
        {
            "created_at": "2023-06-12T03:07:37Z",
            "entry_id": 404,
            "field1": "30.13",
            "field2": "64.00",
            "field3": "30.80",
            "field4": "17.12\r\n\r\n\r\n\r\n",
            "field5": null,
            "field6": null
        },
        {
            "created_at": "2023-06-12T03:07:56Z",
            "entry_id": 405,
            "field1": "-127.00",
            "field2": "60.00",
            "field3": "31.30",
            "field4": "42.32\r\n\r\n\r\n\r\n",
            "field5": null,
            "field6": null
        },
        {
            "created_at": "2023-06-12T03:08:17Z",
            "entry_id": 406,
            "field1": "32.31",
            "field2": "58.00",
            "field3": "31.30",
            "field4": "-1138.88\r\n\r\n\r\n\r\n",
            "field5": null,
            "field6": null
        },
        {
            "created_at": "2023-06-12T03:08:40Z",
            "entry_id": 407,
            "field1": "33.75",
            "field2": "57.00",
            "field3": "31.80",
            "field4": "30.04\r\n\r\n\r\n\r\n",
            "field5": null,
            "field6": null
        },
        {
            "created_at": "2023-06-12T03:09:00Z",
            "entry_id": 408,
            "field1": "34.56",
            "field2": "57.00",
            "field3": "31.80",
            "field4": "30.28\r\n\r\n\r\n\r\n",
            "field5": null,
            "field6": null
        },
        {
            "created_at": "2023-06-12T03:09:19Z",
            "entry_id": 409,
            "field1": "35.19",
            "field2": "56.00",
            "field3": "31.80",
            "field4": "30.93\r\n\r\n\r\n\r\n",
            "field5": null,
            "field6": null
        },
        {
            "created_at": "2023-06-12T03:09:39Z",
            "entry_id": 410,
            "field1": "35.50",
            "field2": "56.00",
            "field3": "32.30",
            "field4": "30.88\r\n\r\n\r\n\r\n",
            "field5": null,
            "field6": null
        },
        {
            "created_at": "2023-06-12T03:09:56Z",
            "entry_id": 411,
            "field1": "33.81",
            "field2": "55.00",
            "field3": "32.30",
            "field4": "31.05\r\n\r\n\r\n\r\n",
            "field5": null,
            "field6": null
        },
        {
            "created_at": "2023-06-12T03:10:24Z",
            "entry_id": 412,
            "field1": "27.31",
            "field2": "56.00",
            "field3": "32.30",
            "field4": "50.00\r\n\r\n\r\n\r\n",
            "field5": null,
            "field6": null
        },
        {
            "created_at": "2023-06-12T03:10:53Z",
            "entry_id": 413,
            "field1": "27.13",
            "field2": "56.00",
            "field3": "32.30",
            "field4": "30.23\r\n\r\n\r\n\r\n",
            "field5": null,
            "field6": null
        },
        {
            "created_at": "2023-06-12T03:11:18Z",
            "entry_id": 414,
            "field1": "27.13",
            "field2": "59.00",
            "field3": "31.80",
            "field4": "31.40\r\n\r\n\r\n\r\n",
            "field5": null,
            "field6": null
        },
        {
            "created_at": "2023-06-12T03:11:36Z",
            "entry_id": 415,
            "field1": "27.06",
            "field2": "59.00",
            "field3": "31.80",
            "field4": "29.85\r\n\r\n\r\n\r\n",
            "field5": null,
            "field6": null
        },
        {
            "created_at": "2023-06-12T03:11:52Z",
            "entry_id": 416,
            "field1": "27.13",
            "field2": "60.00",
            "field3": "31.30",
            "field4": "44.10\r\n\r\n\r\n\r\n",
            "field5": null,
            "field6": null
        },
        {
            "created_at": "2023-06-12T03:12:12Z",
            "entry_id": 417,
            "field1": "27.13",
            "field2": "62.00",
            "field3": "31.30",
            "field4": "42.60\r\n\r\n\r\n\r\n",
            "field5": null,
            "field6": null
        },
        {
            "created_at": "2023-06-12T03:12:30Z",
            "entry_id": 418,
            "field1": "27.06",
            "field2": "62.00",
            "field3": "31.30",
            "field4": "-1138.69\r\n\r\n\r\n\r\n",
            "field5": null,
            "field6": null
        },
        {
            "created_at": "2023-06-12T03:12:55Z",
            "entry_id": 419,
            "field1": "27.06",
            "field2": "62.00",
            "field3": "30.80",
            "field4": "-1138.78\r\n\r\n\r\n\r\n",
            "field5": null,
            "field6": null
        },
        {
            "created_at": "2023-06-12T03:13:43Z",
            "entry_id": 420,
            "field1": "27.06",
            "field2": "63.00",
            "field3": "30.80",
            "field4": "44.58\r\n\r\n\r\n\r\n",
            "field5": null,
            "field6": null
        },
        {
            "created_at": "2023-06-12T03:14:02Z",
            "entry_id": 421,
            "field1": "27.06",
            "field2": "64.00",
            "field3": "30.20",
            "field4": "-1138.88\r\n\r\n\r\n\r\n",
            "field5": null,
            "field6": null
        },
        {
            "created_at": "2023-06-12T03:14:46Z",
            "entry_id": 422,
            "field1": "27.00",
            "field2": "65.00",
            "field3": "30.20",
            "field4": "-1138.83\r\n\r\n\r\n\r\n",
            "field5": null,
            "field6": null
        },
        {
            "created_at": "2023-06-12T03:15:09Z",
            "entry_id": 423,
            "field1": "-127.00",
            "field2": "67.00",
            "field3": "29.90",
            "field4": "48.30\r\n\r\n\r\n\r\n",
            "field5": null,
            "field6": null
        },
        {
            "created_at": "2023-06-12T03:15:35Z",
            "entry_id": 424,
            "field1": "27.06",
            "field2": "67.00",
            "field3": "29.80",
            "field4": "46.23\r\n\r\n\r\n\r\n",
            "field5": null,
            "field6": null
        },
        {
            "created_at": "2023-06-12T03:16:03Z",
            "entry_id": 425,
            "field1": "27.06",
            "field2": "67.00",
            "field3": "29.80",
            "field4": "48.33\r\n\r\n\r\n\r\n",
            "field5": null,
            "field6": null
        },
        {
            "created_at": "2023-06-12T03:17:57Z",
            "entry_id": 426,
            "field1": "27.25",
            "field2": "58.00",
            "field3": "31.80",
            "field4": "-1138.11\r\n\r\n\r\n\r\n",
            "field5": null,
            "field6": null
        },
        {
            "created_at": "2023-06-12T03:18:17Z",
            "entry_id": 427,
            "field1": "27.13",
            "field2": "58.00",
            "field3": "31.30",
            "field4": "-1137.99\r\n\r\n\r\n\r\n",
            "field5": null,
            "field6": null
        },
        {
            "created_at": "2023-06-12T03:18:37Z",
            "entry_id": 428,
            "field1": "27.06",
            "field2": "59.00",
            "field3": "31.30",
            "field4": "-1137.79\r\n\r\n\r\n\r\n",
            "field5": null,
            "field6": null
        },
        {
            "created_at": "2023-06-12T03:18:55Z",
            "entry_id": 429,
            "field1": "27.00",
            "field2": "61.00",
            "field3": "30.80",
            "field4": "2.52\r\n\r\n\r\n\r\n",
            "field5": null,
            "field6": null
        },
        {
            "created_at": "2023-06-12T03:19:15Z",
            "entry_id": 430,
            "field1": "27.00",
            "field2": "61.00",
            "field3": "30.80",
            "field4": "-1137.89\r\n\r\n\r\n\r\n",
            "field5": null,
            "field6": null
        },
        {
            "created_at": "2023-06-12T03:19:37Z",
            "entry_id": 431,
            "field1": "27.06",
            "field2": "61.00",
            "field3": "30.80",
            "field4": "1.99\r\n\r\n\r\n\r\n",
            "field5": null,
            "field6": null
        },
        {
            "created_at": "2023-06-12T03:20:45Z",
            "entry_id": 432,
            "field1": "27.13",
            "field2": "64.00",
            "field3": "31.30",
            "field4": "-1137.60\r\n\r\n\r\n\r\n",
            "field5": null,
            "field6": null
        },
        {
            "created_at": "2023-06-12T03:21:02Z",
            "entry_id": 433,
            "field1": "27.63",
            "field2": "61.00",
            "field3": "31.80",
            "field4": "39.15\r\n\r\n\r\n\r\n",
            "field5": null,
            "field6": null
        },
        {
            "created_at": "2023-06-12T03:21:34Z",
            "entry_id": 434,
            "field1": "28.81",
            "field2": "57.00",
            "field3": "33.30",
            "field4": "50.00\r\n\r\n\r\n\r\n",
            "field5": null,
            "field6": null
        },
        {
            "created_at": "2023-06-12T03:22:00Z",
            "entry_id": 435,
            "field1": "30.06",
            "field2": "52.00",
            "field3": "34.70",
            "field4": "19.45\r\n\r\n\r\n\r\n",
            "field5": null,
            "field6": null
        },
        {
            "created_at": "2023-06-12T03:22:41Z",
            "entry_id": 436,
            "field1": "29.00",
            "field2": "54.00",
            "field3": "34.70",
            "field4": "30.77\r\n\r\n\r\n\r\n",
            "field5": null,
            "field6": null
        },
        {
            "created_at": "2023-06-12T03:23:34Z",
            "entry_id": 437,
            "field1": "28.63",
            "field2": "55.00",
            "field3": "35.60",
            "field4": "-1137.23\r\n\r\n\r\n\r\n",
            "field5": null,
            "field6": null
        },
        {
            "created_at": "2023-06-12T03:24:16Z",
            "entry_id": 438,
            "field1": "28.56",
            "field2": "59.00",
            "field3": "34.70",
            "field4": "44.46\r\n\r\n\r\n\r\n",
            "field5": null,
            "field6": null
        },
        {
            "created_at": "2023-06-12T03:25:42Z",
            "entry_id": 439,
            "field1": "28.38",
            "field2": "62.00",
            "field3": "33.30",
            "field4": "45.68\r\n\r\n\r\n\r\n",
            "field5": null,
            "field6": null
        },
        {
            "created_at": "2023-06-12T03:25:59Z",
            "entry_id": 440,
            "field1": "0\r\n\r\n\r\n\r\n",
            "field2": null,
            "field3": null,
            "field4": null,
            "field5": null,
            "field6": null
        },
        {
            "created_at": "2023-06-12T03:26:34Z",
            "entry_id": 441,
            "field1": "28.44",
            "field2": "64.00",
            "field3": "32.80",
            "field4": "43.08\r\n\r\n\r\n\r\n",
            "field5": null,
            "field6": null
        }
    ],
      "4 PENGUKURAN TANAH": {
          "id": 2185087,
          "name": "PengukuranTanah",
          "latitude": "0.0",
          "longitude": "0.0",
          "field1": "Field Label 1",
          "created_at": "2023-06-12T03:14:23Z",
          "updated_at": "2023-06-12T03:14:23Z",
          "last_entry_id": 78
      },
      "5 DATA PENGUKURAN TANAH": [
          {
              "created_at": "2023-06-12T03:27:19Z",
              "entry_id": 1,
              "field1": "0\r\n\r\n\r\n\r\n"
          },
          {
              "created_at": "2023-06-12T03:27:38Z",
              "entry_id": 2,
              "field1": "0\r\n\r\n\r\n\r\n"
          },
          {
              "created_at": "2023-06-12T03:27:54Z",
              "entry_id": 3,
              "field1": "0\r\n\r\n\r\n\r\n"
          },
          {
              "created_at": "2023-06-12T03:28:11Z",
              "entry_id": 4,
              "field1": "0\r\n\r\n\r\n\r\n"
          },
          {
              "created_at": "2023-06-12T03:28:29Z",
              "entry_id": 5,
              "field1": "0\r\n\r\n\r\n\r\n"
          },
          {
              "created_at": "2023-06-12T03:28:47Z",
              "entry_id": 6,
              "field1": "0\r\n\r\n\r\n\r\n"
          },
          {
              "created_at": "2023-06-12T03:29:06Z",
              "entry_id": 7,
              "field1": "0\r\n\r\n\r\n\r\n"
          },
          {
              "created_at": "2023-06-12T03:29:53Z",
              "entry_id": 8,
              "field1": "1023\r\n\r\n\r\n\r\n"
          },
          {
              "created_at": "2023-06-12T03:30:14Z",
              "entry_id": 9,
              "field1": "1023\r\n\r\n\r\n\r\n"
          },
          {
              "created_at": "2023-06-12T03:30:32Z",
              "entry_id": 10,
              "field1": "1023\r\n\r\n\r\n\r\n"
          },
          {
              "created_at": "2023-06-12T03:30:52Z",
              "entry_id": 11,
              "field1": "1023\r\n\r\n\r\n\r\n"
          },
          {
              "created_at": "2023-06-12T03:31:11Z",
              "entry_id": 12,
              "field1": "0\r\n\r\n\r\n\r\n"
          },
          {
              "created_at": "2023-06-12T03:31:31Z",
              "entry_id": 13,
              "field1": "1023\r\n\r\n\r\n\r\n"
          },
          {
              "created_at": "2023-06-12T03:31:49Z",
              "entry_id": 14,
              "field1": "1023\r\n\r\n\r\n\r\n"
          },
          {
              "created_at": "2023-06-12T03:32:10Z",
              "entry_id": 15,
              "field1": "1023\r\n\r\n\r\n\r\n"
          },
          {
              "created_at": "2023-06-12T03:32:42Z",
              "entry_id": 16,
              "field1": "1023\r\n\r\n\r\n\r\n"
          },
          {
              "created_at": "2023-06-12T03:33:02Z",
              "entry_id": 17,
              "field1": "1023\r\n\r\n\r\n\r\n"
          },
          {
              "created_at": "2023-06-12T03:33:23Z",
              "entry_id": 18,
              "field1": "1023\r\n\r\n\r\n\r\n"
          },
          {
              "created_at": "2023-06-12T03:33:39Z",
              "entry_id": 19,
              "field1": "1023\r\n\r\n\r\n\r\n"
          },
          {
              "created_at": "2023-06-12T03:33:58Z",
              "entry_id": 20,
              "field1": "1023\r\n\r\n\r\n\r\n"
          },
          {
              "created_at": "2023-06-12T03:34:13Z",
              "entry_id": 21,
              "field1": "1023\r\n\r\n\r\n\r\n"
          },
          {
              "created_at": "2023-06-12T03:34:30Z",
              "entry_id": 22,
              "field1": "1023\r\n\r\n\r\n\r\n"
          },
          {
              "created_at": "2023-06-12T03:34:46Z",
              "entry_id": 23,
              "field1": "1023\r\n\r\n\r\n\r\n"
          },
          {
              "created_at": "2023-06-12T03:35:05Z",
              "entry_id": 24,
              "field1": "1023\r\n\r\n\r\n\r\n"
          },
          {
              "created_at": "2023-06-12T03:35:21Z",
              "entry_id": 25,
              "field1": "1023\r\n\r\n\r\n\r\n"
          },
          {
              "created_at": "2023-06-12T03:35:42Z",
              "entry_id": 26,
              "field1": "1023\r\n\r\n\r\n\r\n"
          },
          {
              "created_at": "2023-06-12T03:36:00Z",
              "entry_id": 27,
              "field1": "1023\r\n\r\n\r\n\r\n"
          },
          {
              "created_at": "2023-06-12T03:36:32Z",
              "entry_id": 28,
              "field1": "1023\r\n\r\n\r\n\r\n"
          },
          {
              "created_at": "2023-06-12T03:36:48Z",
              "entry_id": 29,
              "field1": "1023\r\n\r\n\r\n\r\n"
          },
          {
              "created_at": "2023-06-12T03:37:04Z",
              "entry_id": 30,
              "field1": "1023\r\n\r\n\r\n\r\n"
          },
          {
              "created_at": "2023-06-12T03:37:26Z",
              "entry_id": 31,
              "field1": "1023\r\n\r\n\r\n\r\n"
          },
          {
              "created_at": "2023-06-12T03:37:47Z",
              "entry_id": 32,
              "field1": "1023\r\n\r\n\r\n\r\n"
          },
          {
              "created_at": "2023-06-12T03:38:03Z",
              "entry_id": 33,
              "field1": "1023\r\n\r\n\r\n\r\n"
          },
          {
              "created_at": "2023-06-12T03:38:19Z",
              "entry_id": 34,
              "field1": "1023\r\n\r\n\r\n\r\n"
          },
          {
              "created_at": "2023-06-12T03:38:36Z",
              "entry_id": 35,
              "field1": "1023\r\n\r\n\r\n\r\n"
          },
          {
              "created_at": "2023-06-12T03:39:12Z",
              "entry_id": 36,
              "field1": "652\r\n\r\n\r\n\r\n"
          },
          {
              "created_at": "2023-06-12T03:39:28Z",
              "entry_id": 37,
              "field1": "653\r\n\r\n\r\n\r\n"
          },
          {
              "created_at": "2023-06-12T03:39:44Z",
              "entry_id": 38,
              "field1": "649\r\n\r\n\r\n\r\n"
          },
          {
              "created_at": "2023-06-12T03:40:00Z",
              "entry_id": 39,
              "field1": "630\r\n\r\n\r\n\r\n"
          },
          {
              "created_at": "2023-06-12T03:40:16Z",
              "entry_id": 40,
              "field1": "513\r\n\r\n\r\n\r\n"
          },
          {
              "created_at": "2023-06-12T03:40:35Z",
              "entry_id": 41,
              "field1": "514\r\n\r\n\r\n\r\n"
          },
          {
              "created_at": "2023-06-12T03:40:51Z",
              "entry_id": 42,
              "field1": "514\r\n\r\n\r\n\r\n"
          },
          {
              "created_at": "2023-06-12T03:41:07Z",
              "entry_id": 43,
              "field1": "514\r\n\r\n\r\n\r\n"
          },
          {
              "created_at": "2023-06-12T03:42:49Z",
              "entry_id": 44,
              "field1": "497\r\n\r\n\r\n\r\n"
          },
          {
              "created_at": "2023-06-12T03:43:05Z",
              "entry_id": 45,
              "field1": "497\r\n\r\n\r\n\r\n"
          },
          {
              "created_at": "2023-06-12T03:43:21Z",
              "entry_id": 46,
              "field1": "497\r\n\r\n\r\n\r\n"
          },
          {
              "created_at": "2023-06-12T03:43:37Z",
              "entry_id": 47,
              "field1": "497\r\n\r\n\r\n\r\n"
          },
          {
              "created_at": "2023-06-12T03:43:54Z",
              "entry_id": 48,
              "field1": "497\r\n\r\n\r\n\r\n"
          },
          {
              "created_at": "2023-06-12T03:44:10Z",
              "entry_id": 49,
              "field1": "497\r\n\r\n\r\n\r\n"
          },
          {
              "created_at": "2023-06-12T03:44:27Z",
              "entry_id": 50,
              "field1": "497\r\n\r\n\r\n\r\n"
          },
          {
              "created_at": "2023-06-12T03:44:43Z",
              "entry_id": 51,
              "field1": "652\r\n\r\n\r\n\r\n"
          },
          {
              "created_at": "2023-06-12T03:45:00Z",
              "entry_id": 52,
              "field1": "509\r\n\r\n\r\n\r\n"
          },
          {
              "created_at": "2023-06-12T03:45:18Z",
              "entry_id": 53,
              "field1": "552\r\n\r\n\r\n\r\n"
          },
          {
              "created_at": "2023-06-12T03:45:35Z",
              "entry_id": 54,
              "field1": "653\r\n\r\n\r\n\r\n"
          },
          {
              "created_at": "2023-06-12T03:45:53Z",
              "entry_id": 55,
              "field1": "654\r\n\r\n\r\n\r\n"
          },
          {
              "created_at": "2023-06-12T03:46:13Z",
              "entry_id": 56,
              "field1": "648\r\n\r\n\r\n\r\n"
          },
          {
              "created_at": "2023-06-12T03:46:32Z",
              "entry_id": 57,
              "field1": "646\r\n\r\n\r\n\r\n"
          },
          {
              "created_at": "2023-06-12T03:46:47Z",
              "entry_id": 58,
              "field1": "649\r\n\r\n\r\n\r\n"
          },
          {
              "created_at": "2023-06-12T03:47:07Z",
              "entry_id": 59,
              "field1": "656\r\n\r\n\r\n\r\n"
          },
          {
              "created_at": "2023-06-12T03:56:10Z",
              "entry_id": 60,
              "field1": "654\r\n\r\n\r\n\r\n"
          },
          {
              "created_at": "2023-06-12T03:56:26Z",
              "entry_id": 61,
              "field1": "618\r\n\r\n\r\n\r\n"
          },
          {
              "created_at": "2023-06-12T03:56:46Z",
              "entry_id": 62,
              "field1": "621\r\n\r\n\r\n\r\n"
          },
          {
              "created_at": "2023-06-12T03:57:02Z",
              "entry_id": 63,
              "field1": "617\r\n\r\n\r\n\r\n"
          },
          {
              "created_at": "2023-06-12T03:57:23Z",
              "entry_id": 64,
              "field1": "617\r\n\r\n\r\n\r\n"
          },
          {
              "created_at": "2023-06-12T03:57:39Z",
              "entry_id": 65,
              "field1": "616\r\n\r\n\r\n\r\n"
          },
          {
              "created_at": "2023-06-12T03:57:56Z",
              "entry_id": 66,
              "field1": "616\r\n\r\n\r\n\r\n"
          },
          {
              "created_at": "2023-06-12T03:58:12Z",
              "entry_id": 67,
              "field1": "616\r\n\r\n\r\n\r\n"
          },
          {
              "created_at": "2023-06-12T03:58:28Z",
              "entry_id": 68,
              "field1": "615\r\n\r\n\r\n\r\n"
          },
          {
              "created_at": "2023-06-12T03:58:44Z",
              "entry_id": 69,
              "field1": "619\r\n\r\n\r\n\r\n"
          },
          {
              "created_at": "2023-06-12T03:59:09Z",
              "entry_id": 70,
              "field1": "394\r\n\r\n\r\n\r\n"
          },
          {
              "created_at": "2023-06-12T03:59:24Z",
              "entry_id": 71,
              "field1": "320\r\n\r\n\r\n\r\n"
          },
          {
              "created_at": "2023-06-12T03:59:47Z",
              "entry_id": 72,
              "field1": "315\r\n\r\n\r\n\r\n"
          },
          {
              "created_at": "2023-06-12T04:40:51Z",
              "entry_id": 73,
              "field1": "634\r\n\r\n\r\n\r\n"
          },
          {
              "created_at": "2023-06-12T04:41:08Z",
              "entry_id": 74,
              "field1": "502\r\n\r\n\r\n\r\n"
          },
          {
              "created_at": "2023-06-12T04:41:27Z",
              "entry_id": 75,
              "field1": "657\r\n\r\n\r\n\r\n"
          },
          {
              "created_at": "2023-06-12T04:41:49Z",
              "entry_id": 76,
              "field1": "634\r\n\r\n\r\n\r\n"
          },
          {
              "created_at": "2023-06-12T04:42:07Z",
              "entry_id": 77,
              "field1": "360\r\n\r\n\r\n\r\n"
          },
          {
              "created_at": "2023-06-12T04:42:25Z",
              "entry_id": 78,
              "field1": "376\r\n\r\n\r\n\r\n"
          }
      ]
  
}
